Full name,EMAIL,Phone No,Date Of Birth,Gender,Delivery Address,Shipping Address,Secondary Email,Secondary Phone No
tushar,tarun@gmail.com,918989898990,03/22/2002,male,address,address,address,7878036066
tarun,tushAar@gmail.com,918989898981,03/22/2003,male,address,address,address,7878036065
tushar,taruBn@gmail.com,918989898972,03/22/2004,male,address,address,address,7878036064
tarun,tushaCr@gmail.com,918989898963,03/22/2005,male,address,address,address,7878036063
tushar,taruDn@gmail.com,918989898954,03/22/2006,male,address,address,address,7878036062
tarun,tushDar@gmail.com,918989898945,03/22/2007,male,address,address,address,7878036061
tushar,tarSSun@gmail.com,918989898936,03/22/2008,male,address,address,address,7878036060
tarun,tushASDar@gmail.com,918989898927,03/22/2009,male,address,address,address,7878036059
tushar,tarunSXCD@gmail.com,918989898918,03/22/2010,male,address,address,address,7878036058
tarun,tushaSADCr@gmail.com,918989898909,03/22/2011,male,address,address,address,7878036057
tushar,tarSSSun@gmail.com,918989898900,03/22/2012,male,address,address,address,7878036056
tarun,tushaSSSSr@gmail.com,918989898891,03/22/2013,male,address,address,address,7878036055
tushar,tarunASD@gmail.com,918989898882,03/22/2014,male,address,address,address,7878036054
tarun,tushsdcar@gmail.com,918989898873,03/22/2015,male,address,address,address,7878036053
tushar,tarudswn@gmail.com,918989898864,03/22/2016,male,address,address,address,7878036052
tarun,tushar@gmail.com,918989898855,03/22/2017,male,address,address,address,7878036051
tushar,tarusadn@gmail.com,918989898846,03/22/2018,male,address,address,address,7878036050
tarun,tusqswddwsehar@gmail.com,918989898837,03/22/2019,male,address,address,address,7878036049
tushar,taruswdedsen@gmail.com,918989898828,03/22/2020,male,address,address,address,7878036048
tarun,tushswddwsdswear@gmail.com,918989898819,03/22/2021,male,address,address,address,7878036047
tushar,taruswddswdswdswn@gmail.com,918989898810,03/22/2022,male,address,address,address,7878036046
tarun,tushwsedswdswwar@gmail.com,918989898801,03/22/2023,male,address,address,address,7878036045
tushar,taruwwwwwn@gmail.com,918989898792,03/22/2024,male,address,address,address,7878036044
tushar,tarudddddn@gmail.com,918989898783,03/22/2025,male,address,address,address,7878036043
tarun,,918989898774,03/22/2026,male,address,address,address,7878036042
tarun,,918989898765,03/22/2027,male,address,address,address,7878036041
tushar,,918989898756,03/22/2028,male,address,address,address,7878036040
tarun,,918989898747,03/22/2029,male,address,address,address,7878036039
tushar,,918989898738,03/22/2030,male,address,address,address,7878036038
tushar,,918989898729,03/22/2031,male,address,address,address,7878036037
tarun,,918989898720,03/22/2032,male,address,address,address,7878036036
tarun,,918989898711,03/22/2033,male,address,address,address,7878036035
tushar,,918989898702,03/22/2034,male,address,address,address,7878036034
tarun,,918989898693,03/22/2035,male,address,address,address,7878036033
tushar,,918989898684,03/22/2036,male,address,address,address,7878036032
tushar,,918989898675,03/22/2037,male,address,address,address,7878036031
tarun,,918989898666,03/22/2038,male,address,address,address,7878036030
tarun,,918989898657,03/22/2039,male,address,address,address,7878036029
tushar,,918989898648,03/22/2040,male,address,address,address,7878036028
tarun,,918989898639,03/22/2041,male,address,address,address,7878036027
tushar,,918989898630,03/22/2042,male,address,address,address,7878036026
tushar,,918989898621,03/22/2043,male,address,address,address,7878036025
tarun,,918989898612,03/22/2044,male,address,address,address,7878036024
tarun,,918989898603,03/22/2045,male,address,address,address,7878036023
tushar,,918989898594,03/22/2046,male,address,address,address,7878036022
tarun,,918989898585,03/22/2047,male,address,address,address,7878036021
tushar,,918989898576,03/22/2048,male,address,address,address,7878036020
tushar,,918989898567,03/22/2049,male,address,address,address,7878036019
tarun,,918989898558,03/22/2050,male,address,address,address,7878036018
tarun,,918989898549,03/22/2051,male,address,address,address,7878036017
tushar,,918989898540,03/22/2052,male,address,address,address,7878036016
tarun,,918989898531,03/22/2053,male,address,address,address,7878036015
tushar,,918989898522,03/22/2054,male,address,address,address,7878036014
tushar,,918989898513,03/22/2055,male,address,address,address,7878036013
tarun,,918989898504,03/22/2056,male,address,address,address,7878036012
tarun,,918989898495,03/22/2057,male,address,address,address,7878036011
tushar,,918989898486,03/22/2058,male,address,address,address,7878036010
tarun,,918989898477,03/22/2059,male,address,address,address,7878036009
tushar,,918989898468,03/22/2060,male,address,address,address,7878036008
tushar,,918989898459,03/22/2061,male,address,address,address,7878036007
tarun,,918989898450,03/22/2062,male,address,address,address,7878036006
tarun,,918989898441,03/22/2063,male,address,address,address,7878036005
tushar,,918989898432,03/22/2064,male,address,address,address,7878036004
tarun,,918989898423,03/22/2065,male,address,address,address,7878036003
tushar,,918989898414,03/22/2066,male,address,address,address,7878036002
tushar,,918989898405,03/22/2067,male,address,address,address,7878036001
tarun,,918989898396,03/22/2068,male,address,address,address,7878036000
tarun,,918989898387,03/22/2069,male,address,address,address,7878035999
tushar,,918989898378,03/22/2070,male,address,address,address,7878035998
tarun,,918989898369,03/22/2071,male,address,address,address,7878035997
tushar,,918989898360,03/22/2072,male,address,address,address,7878035996
tushar,,918989898351,03/22/2073,male,address,address,address,7878035995
tarun,,918989898342,03/22/2074,male,address,address,address,7878035994
tarun,,918989898333,03/22/2075,male,address,address,address,7878035993
tushar,,918989898324,03/22/2076,male,address,address,address,7878035992
tarun,,918989898315,03/22/2077,male,address,address,address,7878035991
tushar,,918989898306,03/22/2078,male,address,address,address,7878035990
tushar,,918989898297,03/22/2079,male,address,address,address,7878035989
tarun,,918989898288,03/22/2080,male,address,address,address,7878035988
tarun,,918989898279,03/22/2081,male,address,address,address,7878035987
tushar,,918989898270,03/22/2082,male,address,address,address,7878035986
tarun,,918989898261,03/22/2083,male,address,address,address,7878035985
tushar,,918989898252,03/22/2084,male,address,address,address,7878035984
tushar,,918989898243,03/22/2085,male,address,address,address,7878035983
tarun,,918989898234,03/22/2086,male,address,address,address,7878035982
tarun,,918989898225,03/22/2087,male,address,address,address,7878035981
tushar,,918989898216,03/22/2088,male,address,address,address,7878035980
tarun,,918989898207,03/22/2089,male,address,address,address,7878035979
tushar,,918989898198,03/22/2090,male,address,address,address,7878035978
tushar,,918989898189,03/22/2091,male,address,address,address,7878035977
tarun,,918989898180,03/22/2092,male,address,address,address,7878035976
tarun,,918989898171,03/22/2093,male,address,address,address,7878035975
tushar,,918989898162,03/22/2094,male,address,address,address,7878035974
tarun,,918989898153,03/22/2095,male,address,address,address,7878035973
tushar,,918989898144,03/22/2096,male,address,address,address,7878035972
tushar,,918989898135,03/22/2097,male,address,address,address,7878035971
tarun,,918989898126,03/22/2098,male,address,address,address,7878035970
tarun,,918989898117,03/22/2099,male,address,address,address,7878035969
tushar,,918989898108,03/22/2100,male,address,address,address,7878035968
tarun,,918989898099,03/22/2101,male,address,address,address,7878035967
tushar,,918989898090,03/22/2102,male,address,address,address,7878035966
tushar,,918989898081,03/22/2103,male,address,address,address,7878035965
tarun,,918989898072,03/22/2104,male,address,address,address,7878035964
tarun,,918989898063,03/22/2105,male,address,address,address,7878035963
tushar,,918989898054,03/22/2106,male,address,address,address,7878035962
tarun,,918989898045,03/22/2107,male,address,address,address,7878035961
tushar,,918989898036,03/22/2108,male,address,address,address,7878035960
tushar,,918989898027,03/22/2109,male,address,address,address,7878035959
tarun,,918989898018,03/22/2110,male,address,address,address,7878035958
tarun,,918989898009,03/22/2111,male,address,address,address,7878035957
tushar,,918989898000,03/22/2112,male,address,address,address,7878035956
tarun,,918989897991,03/22/2113,male,address,address,address,7878035955
tushar,,918989897982,03/22/2114,male,address,address,address,7878035954
tushar,,918989897973,03/22/2115,male,address,address,address,7878035953
tarun,,918989897964,03/22/2116,male,address,address,address,7878035952
tarun,,918989897955,03/22/2117,male,address,address,address,7878035951
tushar,,918989897946,03/22/2118,male,address,address,address,7878035950
tarun,,918989897937,03/22/2119,male,address,address,address,7878035949
tushar,,918989897928,03/22/2120,male,address,address,address,7878035948
tushar,,918989897919,03/22/2121,male,address,address,address,7878035947
tarun,,918989897910,03/22/2122,male,address,address,address,7878035946
tarun,,918989897901,03/22/2123,male,address,address,address,7878035945
tushar,,918989897892,03/22/2124,male,address,address,address,7878035944
tarun,,918989897883,03/22/2125,male,address,address,address,7878035943
tushar,,918989897874,03/22/2126,male,address,address,address,7878035942
tushar,,918989897865,03/22/2127,male,address,address,address,7878035941
tarun,,918989897856,03/22/2128,male,address,address,address,7878035940
tarun,,918989897847,03/22/2129,male,address,address,address,7878035939
tushar,,918989897838,03/22/2130,male,address,address,address,7878035938
tarun,,918989897829,03/22/2131,male,address,address,address,7878035937
tushar,,918989897820,03/22/2132,male,address,address,address,7878035936
tushar,,918989897811,03/22/2133,male,address,address,address,7878035935
tarun,,918989897802,03/22/2134,male,address,address,address,7878035934
tarun,,918989897793,03/22/2135,male,address,address,address,7878035933
tushar,,918989897784,03/22/2136,male,address,address,address,7878035932
tarun,,918989897775,03/22/2137,male,address,address,address,7878035931
tushar,,918989897766,03/22/2138,male,address,address,address,7878035930
tushar,,918989897757,03/22/2139,male,address,address,address,7878035929
tarun,,918989897748,03/22/2140,male,address,address,address,7878035928
tarun,,918989897739,03/22/2141,male,address,address,address,7878035927
tushar,,918989897730,03/22/2142,male,address,address,address,7878035926
tarun,,918989897721,03/22/2143,male,address,address,address,7878035925
tushar,,918989897712,03/22/2144,male,address,address,address,7878035924
tushar,,918989897703,03/22/2145,male,address,address,address,7878035923
tarun,,918989897694,03/22/2146,male,address,address,address,7878035922
tarun,,918989897685,03/22/2147,male,address,address,address,7878035921
tushar,,918989897676,03/22/2148,male,address,address,address,7878035920
tarun,,918989897667,03/22/2149,male,address,address,address,7878035919
tushar,,918989897658,03/22/2150,male,address,address,address,7878035918
tushar,,918989897649,03/22/2151,male,address,address,address,7878035917
tarun,,918989897640,03/22/2152,male,address,address,address,7878035916
tarun,,918989897631,03/22/2153,male,address,address,address,7878035915
tushar,,918989897622,03/22/2154,male,address,address,address,7878035914
tarun,,918989897613,03/22/2155,male,address,address,address,7878035913
tushar,,918989897604,03/22/2156,male,address,address,address,7878035912
tushar,,918989897595,03/22/2157,male,address,address,address,7878035911
tarun,,918989897586,03/22/2158,male,address,address,address,7878035910
tarun,,918989897577,03/22/2159,male,address,address,address,7878035909
tushar,,918989897568,03/22/2160,male,address,address,address,7878035908
tarun,,918989897559,03/22/2161,male,address,address,address,7878035907
tushar,,918989897550,03/22/2162,male,address,address,address,7878035906
tushar,,918989897541,03/22/2163,male,address,address,address,7878035905
tarun,,918989897532,03/22/2164,male,address,address,address,7878035904
tarun,,918989897523,03/22/2165,male,address,address,address,7878035903
tushar,,918989897514,03/22/2166,male,address,address,address,7878035902
tarun,,918989897505,03/22/2167,male,address,address,address,7878035901
tushar,,918989897496,03/22/2168,male,address,address,address,7878035900
tushar,,918989897487,03/22/2169,male,address,address,address,7878035899
tarun,,918989897478,03/22/2170,male,address,address,address,7878035898
tarun,,918989897469,03/22/2171,male,address,address,address,7878035897
tushar,,918989897460,03/22/2172,male,address,address,address,7878035896
tarun,,918989897451,03/22/2173,male,address,address,address,7878035895
tushar,,918989897442,03/22/2174,male,address,address,address,7878035894
tushar,,918989897433,03/22/2175,male,address,address,address,7878035893
tarun,,918989897424,03/22/2176,male,address,address,address,7878035892
tarun,,918989897415,03/22/2177,male,address,address,address,7878035891
tushar,,918989897406,03/22/2178,male,address,address,address,7878035890
tarun,,918989897397,03/22/2179,male,address,address,address,7878035889
tushar,,918989897388,03/22/2180,male,address,address,address,7878035888
tushar,,918989897379,03/22/2181,male,address,address,address,7878035887
tarun,,918989897370,03/22/2182,male,address,address,address,7878035886
tarun,,918989897361,03/22/2183,male,address,address,address,7878035885
tushar,,918989897352,03/22/2184,male,address,address,address,7878035884
tarun,,918989897343,03/22/2185,male,address,address,address,7878035883
tushar,,918989897334,03/22/2186,male,address,address,address,7878035882
tushar,,918989897325,03/22/2187,male,address,address,address,7878035881
tarun,,918989897316,03/22/2188,male,address,address,address,7878035880
tarun,,918989897307,03/22/2189,male,address,address,address,7878035879
tushar,,918989897298,03/22/2190,male,address,address,address,7878035878
tarun,,918989897289,03/22/2191,male,address,address,address,7878035877
tushar,,918989897280,03/22/2192,male,address,address,address,7878035876
tushar,,918989897271,03/22/2193,male,address,address,address,7878035875
tarun,,918989897262,03/22/2194,male,address,address,address,7878035874
tarun,,918989897253,03/22/2195,male,address,address,address,7878035873
tushar,,918989897244,03/22/2196,male,address,address,address,7878035872
tarun,,918989897235,03/22/2197,male,address,address,address,7878035871
tushar,,918989897226,03/22/2198,male,address,address,address,7878035870
tushar,,918989897217,03/22/2199,male,address,address,address,7878035869
tarun,,918989897208,03/22/2200,male,address,address,address,7878035868